name,alt_names,district,lat,lon,verified
Gilgit,گلگت,Gilgit,35.920,74.308,false
Hunza,ہنزہ|Karimabad|کریم آباد,Hunza,36.316,74.650,false
Aliabad,علی آباد,Hunza,36.307,74.617,false
Hassanabad,حسن آباد,Hunza,36.300,74.580,false
Attabad,عطا آباد,Hunza,36.330,74.860,false
Gulmit,گلمت,Hunza,36.390,74.860,false
Passu,پسو,Hunza,36.460,74.890,false
Sost,سوست,Hunza,36.680,74.810,false
Shimshal,شمشال,Hunza,36.430,75.330,false
Nagar,نگر,Nagar,36.260,74.700,false
Skardu,سکردو,Skardu,35.300,75.630,false
Ishkoman,اشکومن,Ghizer,36.500,73.850,false
Gahkuch,گاہکوچ,Ghizer,36.170,73.770,false
Chilas,چلاس,Diamer,35.420,74.100,false
