date,sensor,area_km2,valid_frac,scene
2026-04-01,s2,1.847471310526051,0.8914615045162682,20260401T055301_20260401T055257_T43SDA
2026-04-07,s1,0.5768348971672805,1.0002191208537445,S1A_IW_GRDH_1SDV_20260407T125736_20260407T125801_063974_080C4A_04DE
2026-04-14,s2,1.6184891956577672,0.8253040834732154,20260414T054639_20260414T055559_T43SDA
2026-04-19,s1,0.7435918780670167,1.0002190354702543,S1A_IW_GRDH_1SDV_20260419T125736_20260419T125801_064149_0812DA_F01D
2026-04-21,s2,1.865484006625186,0.9411787066601708,20260421T055301_20260421T055649_T43SDA
2026-05-01,s1,1.086613303296856,1.000220735457331,S1A_IW_GRDH_1SDV_20260501T125728_20260501T125753_064324_081956_A806
2026-05-02,s1,1.6536789989305982,1.0002199543733592,S1A_IW_GRDH_1SDV_20260502T005817_20260502T005842_064331_08199B_DCCD
2026-05-09,s2,1.8938014161056216,0.993526189794278,20260509T054641_20260509T055711_T43SDA
2026-05-13,s1,0.4012315132589004,1.0002196395212704,S1A_IW_GRDH_1SDV_20260513T125727_20260513T125752_064499_081FAB_E293
2026-05-14,s1,1.4566594270248414,1.0002201383997444,S1A_IW_GRDH_1SDV_20260514T005816_20260514T005841_064506_081FE3_239A
2026-05-25,s1,0.7652842363770728,1.0002217992250704,S1A_IW_GRDH_1SDV_20260525T125727_20260525T125752_064674_0825BE_E66D
2026-05-26,s1,1.6348507226136153,1.000222193503798,S1A_IW_GRDH_1SDV_20260526T005816_20260526T005841_064681_0825FF_6A74
2026-05-29,s2,2.013590843992345,0.9967865311472311,20260529T054631_20260529T055704_T43SDA
2026-05-31,s2,2.1113721775318814,0.9929676067409993,20260531T055251_20260531T055253_T43SDA
2026-06-03,s2,2.141292404111974,0.9948343815459907,20260603T054629_20260603T055602_T43SDA
2026-06-06,s1,0.39461412146759034,1.0002199014145587,S1A_IW_GRDH_1SDV_20260606T125726_20260606T125751_064849_082BEA_0EB6
2026-06-07,s1,1.8297563527374268,1.000219810195819,S1A_IW_GRDH_1SDV_20260607T005815_20260607T005840_064856_082C23_E537
2026-06-08,s2,2.189234925937667,0.8987761956479953,20260608T054641_20260608T055710_T43SDA
2026-06-18,s1,0.33026274572753905,1.0002205057966467,S1A_IW_GRDH_1SDV_20260618T125725_20260618T125750_065024_083204_6675
2026-06-19,s1,1.785120911682129,1.0002203159875225,S1A_IW_GRDH_1SDV_20260619T005815_20260619T005840_065031_083245_983B
2026-06-25,s1,0.957361838645935,1.0002217408742295,S1D_IW_GRDH_1SDV_20260625T125645_20260625T125710_003393_005F85_69D6
2026-06-26,s1,1.8935311861038506,1.0002215628007196,S1D_IW_GRDH_1SDV_20260626T005734_20260626T005759_003400_005FC3_FD43
2026-06-28,s2,2.3510514835611973,0.9950653255061976,20260628T054641_20260628T055641_T43SDA
2026-07-07,s1,1.4421970746148502,1.000220677179545,S1D_IW_GRDH_1SDV_20260707T125645_20260707T125710_003568_00656E_E8D8
2026-07-08,s2,2.5485985966321762,0.8575999787588671,20260708T054641_20260708T055715_T43SDA
2026-07-08,s1,1.8251014478794771,1.000220111556398,S1D_IW_GRDH_1SDV_20260708T005738_20260708T005803_003575_0065A4_1A6A
2026-07-10,s2,2.527191729563395,0.9954335093012566,20260710T055251_20260710T055900_T43SDA
2026-07-18,s2,2.6122492258130845,0.9951663947106839,20260718T054641_20260718T055712_T43SDA
2026-07-19,s1,1.374093579963684,1.0002218195873123,S1D_IW_GRDH_1SDV_20260719T125646_20260719T125711_003743_006B65_5B70
2026-07-20,s2,2.7470498966362458,0.9951304088779613,20260720T055251_20260720T055254_T43SDA
2026-07-20,s1,1.6827399714887732,1.000219711044575,S1D_IW_GRDH_1SDV_20260720T005735_20260720T005800_003750_006BA0_DC1C
2026-07-28,s2,2.661488445112401,0.9865130780219948,20260728T054641_20260728T055709_T43SDA
2026-07-31,s1,1.2380083814549763,1.0002204928850165,S1D_IW_GRDH_1SDV_20260731T125647_20260731T125712_003918_007168_AA3F
2026-08-01,s1,2.0406231262689327,1.0002206245347776,S1D_IW_GRDH_1SDV_20260801T005736_20260801T005801_003925_0071AB_885E
2026-08-02,s2,2.696316176832372,0.9921421696277432,20260802T054639_20260802T055631_T43SDA
2026-08-12,s1,0.31274872268676757,1.0002200786990723,S1D_IW_GRDH_1SDV_20260812T125647_20260812T125712_004093_00777A_CEEB
2026-08-13,s1,2.088835302633996,1.0002200526145197,S1D_IW_GRDH_1SDV_20260813T005737_20260813T005802_004100_0077BF_73C3
2026-08-17,s2,2.6427786906246418,0.9847375693708955,20260817T054631_20260817T055709_T43SDA
2026-08-24,s1,0.5294171818068262,1.000221904736431,S1D_IW_GRDH_1SDV_20260824T125648_20260824T125713_004268_007D9F_A2FA
2026-08-25,s1,1.5543885885622808,1.0002202297771106,S1D_IW_GRDH_1SDV_20260825T005737_20260825T005802_004275_007DDD_5876
2026-08-27,s2,2.491560281625067,0.9730461857618159,20260827T054631_20260827T055705_T43SDA
2026-08-29,s2,2.5703210070614086,0.9728155343069813,20260829T055251_20260829T055252_T43SDA
2026-09-05,s1,0.8543514095958036,1.0002196264156453,S1D_IW_GRDH_1SDV_20260905T125648_20260905T125713_004443_0083BD_70D4
2026-09-06,s1,1.6255835880947938,1.0002200064593654,S1D_IW_GRDH_1SDV_20260906T005737_20260906T005802_004450_0083F6_C717
2026-09-06,s2,2.4932667758860867,0.8061368514427941,20260906T054631_20260906T055705_T43SDA
2026-09-11,s2,2.2374631221385277,0.9302370820483984,20260911T054639_20260911T055820_T43SDA
2026-09-17,s1,0.1805436199569702,1.0002196652837185,S1D_IW_GRDH_1SDV_20260917T125649_20260917T125714_004618_0089C6_AD26
2026-09-18,s1,1.263110821343665,1.0002190945820673,S1D_IW_GRDH_1SDV_20260918T005738_20260918T005803_004625_008A01_A63F
2026-09-21,s2,1.9376354998775702,0.8152283083932466,20260921T054639_20260921T055822_T43SDA
2026-09-29,s1,0.3014398913269043,1.0002194820042276,S1D_IW_GRDH_1SDV_20260929T125649_20260929T125714_004793_008FD0_8ACC
2026-09-30,s1,1.677198119518684,1.0002218189375474,S1D_IW_GRDH_1SDV_20260930T005738_20260930T005803_004800_00901B_B61A
