date,sensor,area_km2,valid_frac,scene,z,baseline_median,baseline_mad,baseline_n,growth_15d,growth_span_days,tier,warning
2016-05-01,s2,0.0916949557327569,0.9984046730357578,20160501T054854_20160501T092731_T43SDA,,,,,,,no_baseline,False
2016-05-21,s2,0.0912946484817804,1.0001030110988312,20160521T054642_20160521T055208_T43SDA,,,,1.0,-0.003274230690588859,20.0,normal,False
2016-06-30,s2,0.0762792672510483,0.8543156464194973,20160630T055153_20160630T093924_T43SDA,,,,2.0,-0.061676867759102694,40.0,normal,False
2016-09-18,s2,0.0760327814161113,0.9697874218191408,20160918T054632_20160918T055158_T43SDA,,,,,,,no_baseline,False
2016-10-28,s2,0.0844894409927667,0.8614884823895327,20161028T054932_20161028T110937_T43SDA,,,,1.0,0.04170894819551857,40.0,normal,False
2017-04-16,s2,0.0916949557327569,0.99488881532299,20170416T054641_20170416T055111_T43SDA,,,,,,,no_baseline,False
2018-04-01,s2,0.0916949557327569,0.9884001918305312,20180401T054641_20180401T054847_T43SDA,,,,,,,no_baseline,False
2018-04-06,s2,0.0908943436722101,0.9899296881013688,20180406T054639_20180406T055242_T43SDA,,,,1.0,,,no_baseline,False
2018-05-01,s2,0.0916949557327569,0.983715554630847,20180501T054641_20180501T054640_T43SDA,,,,2.0,0.0052848969135023596,25.0,normal,False
2018-05-11,s2,0.0912946484817804,0.9996262841935664,20180511T054641_20180511T055516_T43SDA,-0.40425252082015334,0.0916949557327569,0.0006004590454101108,3.0,-0.004365640920785146,10.0,normal,False
2018-05-21,s2,0.0916949557327569,0.9959098110252584,20180521T054641_20180521T055433_T43SDA,0.28861559555014377,0.09149480210726865,0.000400307250976506,4.0,0.004384783310233074,10.0,normal,False
2018-07-10,s2,0.0832382869703105,0.9733701387516938,20180710T054641_20180710T055841_T43SDA,,,,2.0,,,no_baseline,False
2018-07-15,s2,0.0804361452466777,0.988959545321224,20180715T054639_20180715T054701_T43SDA,,,,2.0,,,no_baseline,False
2018-08-04,s2,0.0776340050794414,0.998970786165628,20180804T054639_20180804T055505_T43SDA,,,,2.0,-0.026127621095990185,20.0,normal,False
2018-08-14,s2,0.0760327830640605,0.8993653264520698,20180814T054629_20180814T054632_T43SDA,-0.4184359551769354,0.0804361452466777,0.007030476104855993,3.0,-0.020625266128449823,10.0,normal,False
2018-08-24,s2,0.0756827111038507,0.8472526848557794,20180824T054629_20180824T054745_T43SDA,-0.3909050209914262,0.07903507516305955,0.0057169191437366,4.0,-0.004604223942649122,10.0,normal,False
2018-08-29,s2,0.0732306415845683,0.8492647816806633,20180829T054641_20180829T055429_T43SDA,-0.6643152251660605,0.0776340050794414,0.004403362182617207,5.0,-0.03685438526078012,15.0,normal,False
2018-09-18,s2,0.0908943436722101,0.948693692965665,20180918T054631_20180918T055436_T43SDA,2.320443557140137,0.0758577470839556,0.004303286605834948,4.0,0.18090482725639562,20.0,watch,False
2018-09-23,s2,0.0800860735611261,0.817365757946735,20180923T054629_20180923T055647_T43SDA,0.6115013199243458,0.0760327830640605,0.004403362182617207,5.0,0.056168553175716784,25.0,normal,False
2018-10-28,s2,0.0840891359085382,0.8732737751754014,20181028T054931_20181028T055809_T43SDA,0.6039234524301405,0.0800860735611261,0.004403363494873108,3.0,0.021421928590136977,35.0,normal,False
2019-05-06,s2,0.0916949557327569,0.9988813994844572,20190506T054641_20190506T055010_T43SDA,,,,,,,no_baseline,False
2019-05-31,s2,0.0912946484817804,0.9992985363448608,20190531T054649_20190531T054834_T43SDA,,,,1.0,-0.0026193845524710873,25.0,normal,False
2019-07-05,s2,0.0912946484817804,0.9836857739924932,20190705T054641_20190705T054643_T43SDA,,,,2.0,0.0,35.0,normal,False
2019-07-20,s2,0.0860404331800273,0.9682475872067332,20190720T054649_20190720T054813_T43SDA,,,,2.0,-0.05755228142207789,15.0,normal,False
2019-07-25,s2,0.082837982252293,0.999983829734814,20190725T054641_20190725T054643_T43SDA,-12.194262053652091,0.0912946484817804,0.000400307250976506,3.0,-0.06947285276399656,20.0,normal,False
2019-08-09,s2,0.0748318650953105,0.9981067193883468,20190809T054649_20190809T054812_T43SDA,-1.4206223962158444,0.0860404331800273,0.005254215301753101,3.0,-0.09664790159420954,15.0,normal,False
2019-09-18,s2,0.0732306424695781,0.9752115724575272,20190918T054639_20190918T055537_T43SDA,-0.7602034550683902,0.082837982252293,0.008456666229487403,3.0,-0.008024101549318229,40.0,normal,False
2019-09-23,s2,0.0728303359205058,0.966716611187872,20190923T054641_20190923T055832_T43SDA,-0.13953926570912378,0.0748318650953105,0.0096073397827149,3.0,-0.008915672364330482,45.0,normal,False
2020-04-05,s2,0.0916949557327569,0.9877546243573524,20200405T054639_20200405T054652_T43SDA,,,,,,,no_baseline,False
2020-04-25,s2,0.0916949557327569,0.9979577429848632,20200425T054629_20200425T054827_T43SDA,,,,1.0,0.0,20.0,normal,False
2020-05-25,s2,0.0908943444046319,0.9650934774692872,20200525T054639_20200525T054830_T43SDA,,,,2.0,-0.00436562361433693,30.0,normal,False
2020-07-04,s2,0.0892931163772882,0.9902407361069376,20200704T054639_20200704T054810_T43SDA,,,,1.0,-0.006606137204541913,40.0,normal,False
2020-07-24,s2,0.0864909707779229,0.9998050573083176,20200724T054639_20200724T054832_T43SDA,,,,2.0,-0.02353607181368945,20.0,normal,False
2020-08-03,s2,0.0820373702832988,0.9718272053525526,20200803T054639_20200803T054908_T43SDA,,,,2.0,-0.05149208587401923,10.0,normal,False
2020-08-08,s2,0.0808364510633281,0.9501957976223492,20200808T054641_20200808T055151_T43SDA,-1.039156522139714,0.0864909707779229,0.0036027596130371597,3.0,-0.06537699442770195,15.0,normal,False
2020-08-23,s2,0.0764330882398418,0.9056517723299616,20200823T054639_20200823T055618_T43SDA,-1.124764231369781,0.08426417053061085,0.004628639663815978,4.0,-0.05447249063466012,15.0,normal,False
2020-09-22,s2,0.0788349211866191,0.966549055129616,20200922T054639_20200922T055400_T43SDA,-0.3014435116996256,0.08143691067331345,0.0057545965044507735,4.0,0.01571199726511452,30.0,normal,False
2020-10-02,s2,0.0912946484817804,0.8530602610530102,20201002T054649_20201002T055404_T43SDA,1.3275341314533984,0.0798356861249736,0.0057545965044507735,4.0,0.15804832563562113,10.0,watch,False
2020-10-17,s2,0.0840891336197198,0.9098489827523804,20201017T054831_20201017T054834_T43SDA,0.4486805926209306,0.0788349211866191,0.00783108229076905,3.0,-0.0789259281007977,15.0,normal,False
2020-10-27,s2,0.0848897508377374,0.8745389686549421,20201027T054941_20201027T054936_T43SDA,0.10147374358789156,0.0840891336197198,0.005254212433100702,3.0,0.009521054428248268,10.0,normal,False
2021-04-10,s2,0.0896934249405206,0.8382696023506541,20210410T054639_20210410T054905_T43SDA,,,,,,,no_baseline,False
2021-04-25,s2,0.0916949557327569,0.99664674379436,20210425T054631_20210425T054634_T43SDA,,,,1.0,0.022315245443727934,15.0,normal,False
2021-06-09,s2,0.0844392128736308,0.9041459240329974,20210609T054639_20210609T054938_T43SDA,,,,2.0,-0.02637637952616432,45.0,normal,False
2021-07-09,s2,0.0852900521683038,1.0001328062723145,20210709T054639_20210709T054852_T43SDA,,,,1.0,0.005038176373969408,30.0,normal,False
2021-07-24,s2,0.0824376752149394,0.999536898386911,20210724T054641_20210724T054641_T43SDA,,,,2.0,-0.033443254879663785,15.0,normal,False
2021-08-13,s2,0.0772336994153789,0.8970549384036136,20210813T054641_20210813T055415_T43SDA,,,,2.0,-0.04734463750335205,20.0,normal,False
2021-08-18,s2,0.0404056836072734,0.8813845687372881,20210818T054639_20210818T055556_T43SDA,-11.365505695713956,0.0824376752149394,0.002426957306027905,3.0,-0.3059183182791812,25.0,normal,False
2021-08-23,s2,0.0772336994153789,0.953404788756668,20210823T054641_20210823T054640_T43SDA,-0.38185662029171874,0.07983568731515915,0.004528560791135304,4.0,0.0,10.0,normal,False
2021-09-17,s2,0.0740312535840801,0.978149398620512,20210917T054639_20210917T055339_T43SDA,-0.4611953700083149,0.0772336994153789,0.004616076088011477,4.0,-0.024878615336619208,25.0,normal,False
2021-09-27,s2,0.0740312535840801,0.9633029942952198,20210927T054639_20210927T055342_T43SDA,-0.21670612802255462,0.0756324764997295,0.0049163050537707545,4.0,0.0,10.0,normal,False
2022-04-05,s2,0.0912946500686944,0.9834175921110786,20220405T054639_20220405T054840_T43SDA,,,,,,,no_baseline,False
2022-04-10,s2,0.0912946484817804,0.979067453953956,20220410T054641_20220410T054914_T43SDA,,,,1.0,,,no_baseline,False
2022-05-10,s2,0.0908943436722101,0.9103909700599336,20220510T054641_20220510T054920_T43SDA,,,,2.0,-0.002192378284090728,30.0,normal,False
2022-05-25,s2,0.0380792479555616,0.8718481127946122,20220525T054639_20220525T055622_T43SDA,-134.12906453290785,0.0912946484817804,0.00020015359497065066,3.0,-0.5810603122578695,15.0,normal,False
2022-06-29,s2,0.084089134687835,1.0001328063927024,20220629T054651_20220629T055603_T43SDA,,,,2.0,0.5178285797101744,35.0,warning,True
2022-07-04,s2,0.082837981672459,1.0001923970849325,20220704T054649_20220704T055606_T43SDA,-0.04290291027600101,0.084089134687835,0.019602338873949146,3.0,0.4407787980325669,40.0,alert,True
2022-07-19,s2,0.0780343110486797,0.9998944432171892,20220719T054651_20220719T055159_T43SDA,-0.16472121893542374,0.082837981672459,0.019602338873949146,3.0,-0.05798874534115273,15.0,normal,False
2022-09-02,s2,0.0800860733780206,0.8871189587927444,20220902T054639_20220902T055602_T43SDA,,,,2.0,0.008764359770157007,45.0,normal,False
2022-09-07,s2,0.0728303363172344,0.8111042677999684,20220907T054651_20220907T055601_T43SDA,,,,2.0,,,no_baseline,False
2022-09-27,s2,0.0816370640088848,0.9620732008955578,20220927T054651_20220927T055557_T43SDA,,,,2.0,0.09069085909431399,20.0,normal,False
2022-10-22,s2,0.0864909752334893,0.8626716206947663,20221022T054859_20221022T054914_T43SDA,0.8234451582985323,0.0800860733780206,0.005178859161257307,3.0,0.03567431987076035,25.0,normal,False
2023-04-15,s2,0.0912946484817804,0.9817192594700016,20230415T054641_20230415T055204_T43SDA,,,,,,,no_baseline,False
2023-04-25,s2,0.0916949557327569,0.9971532666999228,20230425T054641_20230425T055530_T43SDA,,,,1.0,0.004384783310233074,10.0,normal,False
2023-05-20,s2,0.08809220304721,0.8913857857738876,20230520T054639_20230520T055535_T43SDA,,,,2.0,-0.02357437870004798,25.0,normal,False
2023-06-09,s2,0.0912946484817804,1.0001030108194404,20230609T054639_20230609T055542_T43SDA,0.0,0.0912946484817804,0.0019014531555175823,3.0,0.027265001814526353,20.0,normal,False
2023-06-24,s2,0.0900937292923272,1.000192397155348,20230624T054641_20230624T055540_T43SDA,-1.7316898768439883,0.0912946484817804,0.000400307250976506,3.0,-0.01315432185154713,15.0,normal,False
2023-07-14,s2,0.0900937292923272,0.9999242385587612,20230714T054641_20230714T055452_T43SDA,0.0,0.0900937292923272,0.0012009191894531979,3.0,0.0,20.0,normal,False
2023-07-19,s2,0.0816370641004375,1.0000434203452713,20230719T054639_20230719T055539_T43SDA,-8.54000371361971,0.0900937292923272,0.0006004595947265989,4.0,-0.05631911515917174,25.0,normal,False
2023-09-12,s2,0.074831864698582,0.985937105418628,20230912T054641_20230912T055242_T43SDA,,,,2.0,,,no_baseline,False
2023-10-12,s2,0.0904940353226007,0.9239958349552572,20231012T054751_20231012T054832_T43SDA,,,,1.0,0.10464907354042914,30.0,normal,False
2024-04-09,s2,0.0912946484817804,0.9912239781652418,20240409T054641_20240409T055258_T43SDA,,,,,,,no_baseline,False
2024-05-09,s2,0.0912946484817804,0.9990601716565491,20240509T054641_20240509T055101_T43SDA,,,,1.0,0.0,30.0,normal,False
2024-05-14,s2,0.0912946484817804,0.9985536502615132,20240514T054639_20240514T055022_T43SDA,,,,2.0,0.0,35.0,normal,False
2024-07-23,s2,0.0800358399793437,0.9922072370006156,20240723T054639_20240723T054932_T43SDA,,,,,,,no_baseline,False
2024-07-28,s2,0.0776340050794414,0.9999838294667808,20240728T054641_20240728T054755_T43SDA,,,,1.0,,,no_baseline,False
2024-09-06,s2,0.0800358386365703,0.983983700813856,20240906T054641_20240906T055027_T43SDA,,,,2.0,0.01160171477694185,40.0,normal,False
2024-09-21,s2,0.0736309479200176,0.970043647249038,20240921T054629_20240921T054925_T43SDA,-2.3116346238107184,0.0800358386365703,0.0018013755035400161,3.0,-0.08002528399354011,15.0,normal,False
2024-10-01,s2,0.0872915823807061,0.8268735959401271,20241001T054639_20241001T055527_T43SDA,,,,2.0,0.18552843398848404,10.0,watch,False
2025-04-14,s2,0.0912946484817804,0.9923562044772264,20250414T054701_20250414T055906_T43SDA,,,,,,,no_baseline,False
2025-04-29,s2,0.0912946484817804,0.9984940592558204,20250429T054639_20250429T055535_T43SDA,,,,1.0,0.0,15.0,normal,False
2025-05-04,s2,0.0908943436722101,0.9995964890904984,20250504T054701_20250504T055522_T43SDA,,,,2.0,-0.0032885674261360917,20.0,normal,False
2025-05-06,s2,0.0908943436722101,0.9985238546973372,20250506T055251_20250506T055250_T43SDA,-1.0089701084232539,0.0912946484817804,0.0002001524047851519,3.0,-0.0029896067510328107,22.0,normal,False
2025-05-26,s2,0.088442268415623,0.9885423955997636,20250526T055251_20250526T055254_T43SDA,-3.8244536389962227,0.09109449607699524,0.0004003048095703038,4.0,-0.020232903040396703,20.0,normal,False
2025-07-03,s2,0.0732306418897441,1.000192397155348,20250703T054701_20250703T055606_T43SDA,-25.47066737292991,0.0908943436722101,0.0004003048095703038,3.0,-0.06789275677430956,38.0,normal,False
2025-07-05,s2,0.0732306418897441,1.0001030107717397,20250705T055301_20250705T055255_T43SDA,-3.7725445041035184,0.088442268415623,0.0026522276613722418,3.0,-0.06449811893559408,40.0,normal,False
2025-08-07,s2,0.0695321406843596,0.9714100717789648,20250807T054639_20250807T055535_T43SDA,,,,2.0,-0.022956741442598887,33.0,normal,False
2025-08-22,s2,0.0659293988630706,0.8128686775117419,20250822T054701_20250822T055800_T43SDA,-0.3223114462235843,0.0732306418897441,0.015211626525878902,3.0,-0.05181405010444895,15.0,normal,False
2025-08-27,s2,0.0695321427290374,0.994173726768639,20250827T054639_20250827T055535_T43SDA,-0.11014781506357502,0.07138139128705184,0.011256434776276199,4.0,2.205466905606499e-08,20.0,normal,False
2025-09-01,s2,0.0675306181013518,0.9918794789530146,20250901T054651_20250901T055758_T43SDA,-0.18320888529981494,0.0695321427290374,0.007301243026673496,5.0,0.024286877567423128,10.0,normal,False
2025-09-21,s2,0.0723813689343022,0.97020080370712,20250921T054651_20250921T055533_T43SDA,0.8900826733915359,0.0685313793928557,0.0028500129165350482,4.0,0.053872794696661855,20.0,normal,False
2025-10-13,s2,0.0904940353226007,0.9162277664287356,20251013T055251_20251013T055251_T43SDA,4.9490770078049975,0.0685313804151946,0.0029257570845660566,4.0,0.17061773556615345,22.0,warning,True
2025-10-16,s2,0.0888928102859796,0.9094593054538448,20251016T054729_20251016T055055_T43SDA,3.333451430859235,0.0695321427290374,0.0038499895414465107,5.0,0.13687037088229873,25.0,alert,True
2026-05-09,s2,0.0912946484817804,0.9991495581673598,20260509T054641_20260509T055711_T43SDA,,,,,,,no_baseline,False
2026-05-29,s2,0.0912946484817804,1.0001923970145168,20260529T054631_20260529T055704_T43SDA,,,,1.0,0.0,20.0,normal,False
2026-06-03,s2,0.0912946484817804,0.9785609601322812,20260603T054629_20260603T055602_T43SDA,,,,2.0,0.0,25.0,normal,False
2026-07-18,s2,0.0812869916519464,0.9998348527998068,20260718T054641_20260718T055712_T43SDA,,,,2.0,-0.03653977166701513,45.0,normal,False
2026-07-20,s2,0.080836451215916,0.9998646479278608,20260720T055251_20260720T055254_T43SDA,-104.58197265864402,0.0912946484817804,0.0,3.0,,,normal,False
2026-08-02,s2,0.0744315586683086,0.8798577054961532,20260802T054639_20260802T055631_T43SDA,-0.45894566696527705,0.0812869916519464,0.010007656829833997,3.0,-0.07923272794966946,13.0,normal,False
2026-08-17,s2,0.0715713390130735,0.9960508383030844,20260817T054631_20260817T055709_T43SDA,-0.620264702403272,0.080836451215916,0.010007656829833997,3.0,-0.038427512555274775,15.0,normal,False
2026-08-29,s2,0.071971643517468,0.9931010904106572,20260829T055251_20260829T055252_T43SDA,-0.39357748887773597,0.0776340049421123,0.009636384516338248,4.0,0.005593083906413729,12.0,normal,False
